<?xml version="1.0"?>
<doc>
    <assembly>
        <name>Hahn.ApplicatonProcess.December2020.Web</name>
    </assembly>
    <members>
        <member name="M:Hahn.ApplicatonProcess.December2020.Web.Controllers.ApplicantController.Get(System.Int32)">
            <summary>
            Get an Applicant by id
            </summary>
            <param name="id"></param>
            <returns>Return the Applicant finded by id</returns>
        </member>
        <member name="M:Hahn.ApplicatonProcess.December2020.Web.Controllers.ApplicantController.Post(Hahn.ApplicatonProcess.December2020.Core.DTO.ApplicantDto)">
            <summary>
            Create an Applicant
            </summary>
            <remarks>
            Sample request: 
            
            {
            "Name": "Phan Quang Huy",
            "FamilyName": "Huy Phan",
            "Address": "Ha Noi/Viet Nam",
            "CountryOfOrigin": "aruba",
            "EmailAddress": "phanquanghuy9869@gmail.com",
            "Age": 31,
            "Hired": true
            }
            </remarks>
            <param name="applicantDTO"></param>
            <returns> Return the created object </returns>
        </member>
        <member name="M:Hahn.ApplicatonProcess.December2020.Web.Controllers.ApplicantController.Put(System.Int32,Hahn.ApplicatonProcess.December2020.Core.DTO.ApplicantDto)">
            <summary>
            Update an Applicant
            </summary>
            <remarks>
            Sample request: 
            
            {
            "ID": 1,
            "Name": "Phan Quang Huy modifed",
            "FamilyName": "Huy Phan",
            "Address": "Ha Noi/Viet Nam",
            "CountryOfOrigin": "aruba",
            "EmailAddress": "phanquanghuy9869@gmail.com",
            "Age": 31,
            "Hired": true
            }
            </remarks>
            <param name="id"></param>
            <param name="applicantDTO"></param>
            <returns></returns>
        </member>
        <member name="M:Hahn.ApplicatonProcess.December2020.Web.Controllers.ApplicantController.Delete(System.Int32)">
            <summary>
            Delete an applicant
            </summary>
            <param name="id"></param>
            <returns></returns>
        </member>
    </members>
</doc>
